{
  "metadata": {
    "analysis_date": "2026-01-22",
    "data_period_hours": 48.4,
    "total_signals": 4402100,
    "total_followups": 12973800,
    "fee_bps": 10,
    "data_complete": true
  },
  "summary": {
    "profitable_markets_raw": 4,
    "profitable_markets_optimal": 22,
    "total_markets": 28
  },
  "markets": [
    {
      "market_key": "xyz:12",
      "ticker": "KO",
      "raw": {
        "signal_count": 142099,
        "matched_count": 141907,
        "avg_edge_bps": 5.4898163780273865,
        "shrink_rate": 0.8069157969656183,
        "win_rate": 0.37616889934957404,
        "net_ev_bps": -1.9209344989834456,
        "buy_ratio": 0.463162493745904
      },
      "optimal": {
        "threshold_bps": 45,
        "signal_count": 165,
        "win_rate": 1.0,
        "net_ev_bps": 74.22419437368237
      },
      "recommendation": "tier2"
    },
    {
      "market_key": "xyz:19",
      "ticker": "DIS",
      "raw": {
        "signal_count": 286526,
        "matched_count": 286526,
        "avg_edge_bps": 7.160869005740879,
        "shrink_rate": 0.6840705555516777,
        "win_rate": 0.27516525550909865,
        "net_ev_bps": -4.272126695817539,
        "buy_ratio": 0.0784605934539972
      },
      "optimal": {
        "threshold_bps": 45,
        "signal_count": 143,
        "win_rate": 0.972027972027972,
        "net_ev_bps": 42.835662108928084
      },
      "recommendation": "tier2"
    },
    {
      "market_key": "xyz:21",
      "ticker": "TLT",
      "raw": {
        "signal_count": 126229,
        "matched_count": 125497,
        "avg_edge_bps": 6.587623293186894,
        "shrink_rate": 0.8340518100034264,
        "win_rate": 0.4841948413109477,
        "net_ev_bps": 1.2917410157505174,
        "buy_ratio": 0.4388391754384567
      },
      "optimal": {
        "threshold_bps": 40,
        "signal_count": 390,
        "win_rate": 0.717948717948718,
        "net_ev_bps": 42.4089841479563
      },
      "recommendation": "tier1"
    },
    {
      "market_key": "xyz:3",
      "ticker": "TSLA",
      "raw": {
        "signal_count": 34002,
        "matched_count": 33641,
        "avg_edge_bps": 5.548103523325226,
        "shrink_rate": 0.7887993817068458,
        "win_rate": 0.37906126452840283,
        "net_ev_bps": -1.1093651208503577,
        "buy_ratio": 0.42460093338485777
      },
      "optimal": {
        "threshold_bps": 30,
        "signal_count": 293,
        "win_rate": 1.0,
        "net_ev_bps": 37.62677571148334
      },
      "recommendation": "tier1"
    },
    {
      "market_key": "xyz:1",
      "ticker": "AMD",
      "raw": {
        "signal_count": 135583,
        "matched_count": 135583,
        "avg_edge_bps": 5.937507401096844,
        "shrink_rate": 0.8537796036376242,
        "win_rate": 0.45872270122360476,
        "net_ev_bps": 0.08539220214797183,
        "buy_ratio": 0.2631303334488837
      },
      "optimal": {
        "threshold_bps": 40,
        "signal_count": 220,
        "win_rate": 1.0,
        "net_ev_bps": 35.68138159580108
      },
      "recommendation": "tier1"
    },
    {
      "market_key": "xyz:24",
      "ticker": "QQQ",
      "raw": {
        "signal_count": 96776,
        "matched_count": 96776,
        "avg_edge_bps": 4.679234338011209,
        "shrink_rate": 0.8350727453087542,
        "win_rate": 0.37521699594940894,
        "net_ev_bps": -2.184427580704156,
        "buy_ratio": 0.39300033066049433
      },
      "optimal": {
        "threshold_bps": 35,
        "signal_count": 156,
        "win_rate": 0.9230769230769231,
        "net_ev_bps": 34.24725438123602
      },
      "recommendation": "tier2"
    },
    {
      "market_key": "xyz:29",
      "ticker": "VZ",
      "raw": {
        "signal_count": 43343,
        "matched_count": 43343,
        "avg_edge_bps": 4.196545985738643,
        "shrink_rate": 0.8444270124356874,
        "win_rate": 0.33666335971206424,
        "net_ev_bps": -2.0603313337636964,
        "buy_ratio": 0.40421752070691924
      },
      "optimal": {
        "threshold_bps": 35,
        "signal_count": 208,
        "win_rate": 1.0,
        "net_ev_bps": 33.890305818915024
      },
      "recommendation": "tier1"
    },
    {
      "market_key": "xyz:0",
      "ticker": "AAPL",
      "raw": {
        "signal_count": 20508,
        "matched_count": 20508,
        "avg_edge_bps": 4.554113702646943,
        "shrink_rate": 0.9038911644236396,
        "win_rate": 0.40018529354398286,
        "net_ev_bps": -0.6659576952940771,
        "buy_ratio": 0.3801930953774137
      },
      "optimal": {
        "threshold_bps": 35,
        "signal_count": 149,
        "win_rate": 1.0,
        "net_ev_bps": 33.73123507783867
      },
      "recommendation": "tier2"
    },
    {
      "market_key": "xyz:4",
      "ticker": "GOOGL",
      "raw": {
        "signal_count": 35404,
        "matched_count": 35257,
        "avg_edge_bps": 2.908405862169923,
        "shrink_rate": 0.6055251439430468,
        "win_rate": 0.0625407720452676,
        "net_ev_bps": -8.35818067166649,
        "buy_ratio": 0.013954675667243384
      },
      "optimal": {
        "threshold_bps": 15,
        "signal_count": 54,
        "win_rate": 1.0,
        "net_ev_bps": 32.96243102142457
      },
      "recommendation": "tier2"
    },
    {
      "market_key": "xyz:26",
      "ticker": "IWM",
      "raw": {
        "signal_count": 188610,
        "matched_count": 187053,
        "avg_edge_bps": 6.409686991657597,
        "shrink_rate": 0.7812277803617157,
        "win_rate": 0.24110813512747725,
        "net_ev_bps": -4.830448214499601,
        "buy_ratio": 0.3811112358529401
      },
      "optimal": {
        "threshold_bps": 30,
        "signal_count": 102,
        "win_rate": 1.0,
        "net_ev_bps": 29.253759311649837
      },
      "recommendation": "tier2"
    },
    {
      "market_key": "xyz:18",
      "ticker": "NFLX",
      "raw": {
        "signal_count": 194431,
        "matched_count": 194311,
        "avg_edge_bps": 4.621341332379135,
        "shrink_rate": 0.8652212175327182,
        "win_rate": 0.4375717277971911,
        "net_ev_bps": -0.7173433757678804,
        "buy_ratio": 0.3562948057495458
      },
      "optimal": {
        "threshold_bps": 35,
        "signal_count": 328,
        "win_rate": 0.6951219512195121,
        "net_ev_bps": 28.742889116043102
      },
      "recommendation": "tier1"
    },
    {
      "market_key": "xyz:13",
      "ticker": "INTC",
      "raw": {
        "signal_count": 342247,
        "matched_count": 342247,
        "avg_edge_bps": 6.1281751471589665,
        "shrink_rate": 0.7266827758899275,
        "win_rate": 0.32559817909287736,
        "net_ev_bps": -3.0460617446665417,
        "buy_ratio": 0.44250497447749726
      },
      "optimal": {
        "threshold_bps": 35,
        "signal_count": 777,
        "win_rate": 0.7773487773487774,
        "net_ev_bps": 25.754356752318152
      },
      "recommendation": "tier1"
    },
    {
      "market_key": "xyz:23",
      "ticker": "XOM",
      "raw": {
        "signal_count": 39632,
        "matched_count": 39632,
        "avg_edge_bps": 4.627718357567191,
        "shrink_rate": 0.8832004440855874,
        "win_rate": 0.4460789261203068,
        "net_ev_bps": -0.3715813368247236,
        "buy_ratio": 0.3382367783609205
      },
      "optimal": {
        "threshold_bps": 30,
        "signal_count": 748,
        "win_rate": 0.9866310160427807,
        "net_ev_bps": 23.4493687399802
      },
      "recommendation": "tier1"
    },
    {
      "market_key": "xyz:8",
      "ticker": "META",
      "raw": {
        "signal_count": 215264,
        "matched_count": 202239,
        "avg_edge_bps": 4.582611106128286,
        "shrink_rate": 0.8169986995584432,
        "win_rate": 0.31496892290804446,
        "net_ev_bps": -2.8213542436351755,
        "buy_ratio": 0.23246258140121343
      },
      "optimal": {
        "threshold_bps": 35,
        "signal_count": 480,
        "win_rate": 1.0,